Column1,Column2
Apartament cu 3 camere de vânzare în zona Gheorgheni,https://www.olx.ro/oferta/apartament-cu-3-camere-de-vanzare-in-zona-gheorgheni-IDcLcYu.html#86c207d186
Apartament cu 2 camere de vânzare în zona Buna Ziua,https://www.olx.ro/oferta/apartament-cu-2-camere-de-vanzare-in-zona-buna-ziua-IDcLcTp.html#86c207d186
"Apartament in casa, 2 camere, de vânzare, în Centru",https://www.olx.ro/oferta/apartament-in-casa-2-camere-de-vanzare-in-centru-IDcFSFU.html#86c207d186
Apartament cu 2 camere de vânzare în zona Manastur,https://www.olx.ro/oferta/apartament-cu-2-camere-de-vanzare-in-zona-manastur-IDcR13M.html#86c207d186
"Apartament 3 camere, 75mp+38mp terasa, Bloc Finalizat",https://www.olx.ro/oferta/apartament-3-camere-75mp-38mp-terasa-bloc-finalizat-IDcAjhD.html#86c207d186
Apartament cu 2 camere de vânzare în zona Manastur,https://www.olx.ro/oferta/apartament-cu-2-camere-de-vanzare-in-zona-manastur-IDcLcHU.html#86c207d186
Apartament cu 3 camere in cartierul MANASTUR,https://www.olx.ro/oferta/apartament-cu-3-camere-in-cartierul-manastur-IDcR0W2.html#86c207d186
"Apartament cu 2 camere, in zona McDonald's, Manastur",https://www.olx.ro/oferta/apartament-cu-2-camere-in-zona-mcdonalds-manastur-IDb7yIf.html#86c207d186
"Apartament cu 2 camere decomandate in Manastur, etaj intermediar !",https://www.olx.ro/oferta/apartament-cu-2-camere-decomandate-in-manastur-etaj-intermediar-IDcUhEM.html#86c207d186
"Apartament in bloc nou, 2 camere, de vânzare, în Floresti",https://www.olx.ro/oferta/apartament-in-bloc-nou-2-camere-de-vanzare-in-floresti-IDcO1pY.html#86c207d186
Apartament cu 3 camere de vânzare în zona Manastur,https://www.olx.ro/oferta/apartament-cu-3-camere-de-vanzare-in-zona-manastur-IDcLcrx.html#86c207d186
"Apartament 2 camere , zona Str Bucium",https://www.olx.ro/oferta/apartament-2-camere-zona-str-bucium-IDcD242.html#86c207d186
"Apartament in BLOC NOU ,cartier Marasti-ID1678",https://www.olx.ro/oferta/apartament-in-bloc-nou-cartier-marasti-id1678-IDcs1bb.html#86c207d186
Apartament cu 3 camere de vânzare în zona Manastur,https://www.olx.ro/oferta/apartament-cu-3-camere-de-vanzare-in-zona-manastur-IDcLchZ.html#86c207d186
Apartament cu 2 camere de vânzare în zona Manastur,https://www.olx.ro/oferta/apartament-cu-2-camere-de-vanzare-in-zona-manastur-IDcLcoM.html#86c207d186
Vanzare apartament cu 3 camere in cartierul Buna Ziua,https://www.olx.ro/oferta/vanzare-apartament-cu-3-camere-in-cartierul-buna-ziua-IDbNTH1.html#86c207d186
Apartament cu 3 camere de vânzare în zona Bulgaria,https://www.olx.ro/oferta/apartament-cu-3-camere-de-vanzare-in-zona-bulgaria-IDcLcw1.html#86c207d186
Apartament cu 3 camere de vânzare în zona Campului,https://www.olx.ro/oferta/apartament-cu-3-camere-de-vanzare-in-zona-campului-IDcLcs5.html#86c207d186
Va oferim spre vanzare apartament de 2 camere in cartierul Grigorescu.,https://www.olx.ro/oferta/va-oferim-spre-vanzare-apartament-de-2-camere-in-cartierul-grigorescu-IDcLct0.html#86c207d186
"Apartament 3 camere, 49 mp, renovat, centrala termica, zona Minerva, M",https://www.olx.ro/oferta/apartament-3-camere-49-mp-renovat-centrala-termica-zona-minerva-m-IDcjsCB.html#86c207d186
Apartament cu 2 camere de vânzare în zona Grigorescu,https://www.olx.ro/oferta/apartament-cu-2-camere-de-vanzare-in-zona-grigorescu-IDcCm2V.html#86c207d186
"Apartament cu 2 camere decomandate, in Marasti!",https://www.olx.ro/oferta/apartament-cu-2-camere-decomandate-in-marasti-IDcXj7E.html#86c207d186
Apartament cu 3 camere in cartierul ZORILOR,https://www.olx.ro/oferta/apartament-cu-3-camere-in-cartierul-zorilor-IDcR0oi.html#86c207d186
Apartament 2 camere langa MALL! Zona Superba!,https://www.olx.ro/oferta/apartament-2-camere-langa-mall-zona-superba-IDc9qac.html#86c207d186
"Vanzare apartamente 1,2,3,4 camere, zona Iulius Mall",https://www.olx.ro/oferta/vanzare-apartamente-1-2-3-4-camere-zona-iulius-mall-IDcO0Wb.html#86c207d186
Apartament cu 2 camere de vânzare în zona Dambul Rotund,https://www.olx.ro/oferta/apartament-cu-2-camere-de-vanzare-in-zona-dambul-rotund-IDcLc1v.html#86c207d186
Apartament cu 2 camere de vânzare în zona Buna Ziua,https://www.olx.ro/oferta/apartament-cu-2-camere-de-vanzare-in-zona-buna-ziua-IDcLbXh.html#86c207d186
Apartament 3 camere decomandate! Langa MALL!,https://www.olx.ro/oferta/apartament-3-camere-decomandate-langa-mall-IDc9q2I.html#86c207d186
Apartament cu 3 camere de vânzare in Baciu.,https://www.olx.ro/oferta/apartament-cu-3-camere-de-vanzare-in-baciu-IDcLcJN.html#86c207d186
Apartament cu 2 camere in cartierul MANASTUR,https://www.olx.ro/oferta/apartament-cu-2-camere-in-cartierul-manastur-IDcR0bb.html#86c207d186
Vand Apartament 2 Camere Marasti,https://www.olx.ro/oferta/vand-apartament-2-camere-marasti-IDcLbMt.html#86c207d186
Apartament cu 2 camere in cartierul MANASTUR,https://www.olx.ro/oferta/apartament-cu-2-camere-in-cartierul-manastur-IDcR0dH.html#86c207d186
Apartament cu 2 camere in cartierul MANASTUR,https://www.olx.ro/oferta/apartament-cu-2-camere-in-cartierul-manastur-IDcR032.html#86c207d186
Apartament cu 3 camere de vânzare în zona Campului,https://www.olx.ro/oferta/apartament-cu-3-camere-de-vanzare-in-zona-campului-IDcLbJW.html#86c207d186
Apartament cu 2 camere in zona Europa,https://www.olx.ro/oferta/apartament-cu-2-camere-in-zona-europa-IDcO0E4.html#86c207d186
Apartament cu 2 camere in cartierul GRIGORESCU,https://www.olx.ro/oferta/apartament-cu-2-camere-in-cartierul-grigorescu-IDcR00b.html#86c207d186
Apartament cu 3 camere de vânzare în zona Manastur,https://www.olx.ro/oferta/apartament-cu-3-camere-de-vanzare-in-zona-manastur-IDcLbCf.html#fbe5fd738a
"Apartamente 2 camere în zona Semicentral, constructie noua",https://www.olx.ro/oferta/apartamente-2-camere-in-zona-semicentral-constructie-noua-IDbfVm7.html#fbe5fd738a
"Apartament 2 camere in Marasti, zona Expo Transilvania",https://www.olx.ro/oferta/apartament-2-camere-in-marasti-zona-expo-transilvania-IDcUgDK.html#fbe5fd738a
Apartament cu 2 camere in cartierul BULGARIA.,https://www.olx.ro/oferta/apartament-cu-2-camere-in-cartierul-bulgaria-IDcUgBd.html#fbe5fd738a
Apartament cu 2 camere in zona Buna Ziua,https://www.olx.ro/oferta/apartament-cu-2-camere-in-zona-buna-ziua-IDcLblF.html#fbe5fd738a
Apartament cu 2 camere in cartierul GHEORGHENI.,https://www.olx.ro/oferta/apartament-cu-2-camere-in-cartierul-gheorgheni-IDcXirp.html#fbe5fd738a
Apartament cu 3 camere de vânzare în zona Marasti,https://www.olx.ro/oferta/apartament-cu-3-camere-de-vanzare-in-zona-marasti-IDcLbeP.html#fbe5fd738a
Apartament cu 2 camere de vânzare în zona Gheorgheni,https://www.olx.ro/oferta/apartament-cu-2-camere-de-vanzare-in-zona-gheorgheni-IDcLbLT.html#fbe5fd738a
apartament cu 3 camere in cartierul IRIS,https://www.olx.ro/oferta/apartament-cu-3-camere-in-cartierul-iris-IDcUgpv.html#fbe5fd738a
"Apartament cu 1 camere de vânzare, Baciu",https://www.olx.ro/oferta/apartament-cu-1-camere-de-vanzare-baciu-IDcLb4r.html#fbe5fd738a
Apartament cu 2 camere de vânzare în zona Semicentral,https://www.olx.ro/oferta/apartament-cu-2-camere-de-vanzare-in-zona-semicentral-IDcLbYS.html#fbe5fd738a
Apartament cu 2 camere in cartierul MARASTI.,https://www.olx.ro/oferta/apartament-cu-2-camere-in-cartierul-marasti-IDcUgkw.html#fbe5fd738a
"Apartament 2 camere, 51 mp, complet decomandat, Buna Ziua, balcon, par",https://www.olx.ro/oferta/apartament-2-camere-51-mp-complet-decomandat-buna-ziua-balcon-par-IDcO0bo.html#fbe5fd738a
Apartament cu 4 camere de vânzare în zona Dambul Rotund,https://www.olx.ro/oferta/apartament-cu-4-camere-de-vanzare-in-zona-dambul-rotund-IDcLaTC.html#fbe5fd738a
Apartament Baciu,https://www.olx.ro/oferta/apartament-baciu-IDcInFk.html#fbe5fd738a
"Apartament cu 3 camere, zona Semicentrala!",https://www.olx.ro/oferta/apartament-cu-3-camere-zona-semicentrala-IDcUgez.html#fbe5fd738a
Apartament cu 3 camere de vânzare in Baciu,https://www.olx.ro/oferta/apartament-cu-3-camere-de-vanzare-in-baciu-IDcLbPm.html#fbe5fd738a
Apartament 3 camere etaj intermediar zona Scoala Ion Creanga,https://www.olx.ro/oferta/apartament-3-camere-etaj-intermediar-zona-scoala-ion-creanga-IDcQZq8.html#fbe5fd738a
Apartament cu 2 camere de vânzare în zona Marasti,https://www.olx.ro/oferta/apartament-cu-2-camere-de-vanzare-in-zona-marasti-IDcLbre.html#fbe5fd738a
Apartament cu 2 camere in cartierul MARASTI,https://www.olx.ro/oferta/apartament-cu-2-camere-in-cartierul-marasti-IDcXhVw.html#fbe5fd738a
"Apartament 2 camere, curte, la cheie, zona strazii Cetatii!",https://www.olx.ro/oferta/apartament-2-camere-curte-la-cheie-zona-strazii-cetatii-IDcInnR.html#fbe5fd738a
"Vând ap 3 camere, Buna Ziua , etaj retras ( mansarda )",https://www.olx.ro/oferta/vand-ap-3-camere-buna-ziua-etaj-retras-mansarda-IDcP27O.html#fbe5fd738a
Apartament modern cu 2 camere 56 mp | COMISION 0% | DEZVOLTATOR,https://www.olx.ro/oferta/apartament-modern-cu-2-camere-56-mp-comision-0-dezvoltator-IDcy78e.html#fbe5fd738a
Apartament modern 2 camere 58 mp | DEZVOLTATOR | COMISION 0%,https://www.olx.ro/oferta/apartament-modern-2-camere-58-mp-dezvoltator-comision-0-IDcy8yy.html#fbe5fd738a
Apartament modern 2 camere 56 mp | DEZVOLTATOR | COMISION 0%,https://www.olx.ro/oferta/apartament-modern-2-camere-56-mp-dezvoltator-comision-0-IDcy1T4.html#fbe5fd738a
Apartament 2 camere 56mp utili | DEZVOLTATOR | COMISION 0%,https://www.olx.ro/oferta/apartament-2-camere-56mp-utili-dezvoltator-comision-0-IDcHW6s.html#fbe5fd738a
"CARTE FUNCIARA! 1, 2 si 3 camere, decomandate, imobil nou!",https://www.olx.ro/oferta/carte-funciara-1-2-si-3-camere-decomandate-imobil-nou-ID9UY2L.html#fbe5fd738a
Apartament cu 2 camere in cartierul MANASTUR,https://www.olx.ro/oferta/apartament-cu-2-camere-in-cartierul-manastur-IDcXi5w.html#fbe5fd738a
Apartament cu 2 camere in cartierul ZORILOR,https://www.olx.ro/oferta/apartament-cu-2-camere-in-cartierul-zorilor-IDcXhKp.html#fbe5fd738a
Apartament cu 2 camere in cartierul ZORILOR,https://www.olx.ro/oferta/apartament-cu-2-camere-in-cartierul-zorilor-IDcXhFW.html#fbe5fd738a
"Apartament 2 camere, cartier Grigorescu",https://www.olx.ro/oferta/apartament-2-camere-cartier-grigorescu-IDc9oqw.html#fbe5fd738a
"Apartament, 2 camere, de vânzare, în Manastur",https://www.olx.ro/oferta/apartament-2-camere-de-vanzare-in-manastur-IDcNZsa.html#fbe5fd738a
Apartament cu 2 camere in zona Big!,https://www.olx.ro/oferta/apartament-cu-2-camere-in-zona-big-IDcUfxV.html#fbe5fd738a
Apartament 3 camere zona Mc Donalds,https://www.olx.ro/oferta/apartament-3-camere-zona-mc-donalds-IDcIn1S.html#fbe5fd738a
Apartament 2 camere,https://www.olx.ro/oferta/apartament-2-camere-IDcUfjg.html#fbe5fd738a
"Apartament 3 camere, et 1, zona Petrom",https://www.olx.ro/oferta/apartament-3-camere-et-1-zona-petrom-IDcUfj0.html#fbe5fd738a
Apartament cu 3 camere in cartierul MANASTUR,https://www.olx.ro/oferta/apartament-cu-3-camere-in-cartierul-manastur-IDcUffz.html#fbe5fd738a
"Apartament, 2 camere, de vânzare, în Gara",https://www.olx.ro/oferta/apartament-2-camere-de-vanzare-in-gara-IDcp22H.html#fbe5fd738a
Apartament 2 camere in cartierul Marasti,https://www.olx.ro/oferta/apartament-2-camere-in-cartierul-marasti-IDb8OaZ.html#fbe5fd738a
"2 camere finisate, 52 mp, bloc nou, balcon, Buna Ziua",https://www.olx.ro/oferta/2-camere-finisate-52-mp-bloc-nou-balcon-buna-ziua-IDcUeWx.html#ebe3a821a2
Vand apartament 3 camere in Manastur,https://www.olx.ro/oferta/vand-apartament-3-camere-in-manastur-IDcNYRs.html#ebe3a821a2
"Apartament in bloc nou, 3 camere, de vânzare, în Manastur",https://www.olx.ro/oferta/apartament-in-bloc-nou-3-camere-de-vanzare-in-manastur-IDcQYnU.html#ebe3a821a2
Apartament 1 camera in Gheorgheni zona Brancusi,https://www.olx.ro/oferta/apartament-1-camera-in-gheorgheni-zona-brancusi-IDcL8YG.html#ebe3a821a2
"VA3 76322,Apartament 3 camere, 71 mp,2 parcari, Floresti",https://www.olx.ro/oferta/va3-76322-apartament-3-camere-71-mp-2-parcari-floresti-IDbBN9Y.html#ebe3a821a2
"Apartament, 2 camere, de vânzare, în Centru",https://www.olx.ro/oferta/apartament-2-camere-de-vanzare-in-centru-IDcAgiO.html#ebe3a821a2
Apartament NOU 2 camere | Parter 54.75 mpu |,https://www.olx.ro/oferta/apartament-nou-2-camere-parter-54-75-mpu-IDcXgBH.html#ebe3a821a2
"Apartament, 3 camere, de vânzare, în Manastur",https://www.olx.ro/oferta/apartament-3-camere-de-vanzare-in-manastur-IDcQYAO.html#ebe3a821a2
"Apartament 2 camere, cartier Buna Ziua, zona OMV",https://www.olx.ro/oferta/apartament-2-camere-cartier-buna-ziua-zona-omv-IDc5g0s.html#ebe3a821a2
Apartament cu 3 camere in cartierul MANASTUR,https://www.olx.ro/oferta/apartament-cu-3-camere-in-cartierul-manastur-IDcXgwv.html#ebe3a821a2
Apartament 3 camere mansarda imobil nou Buna Ziua,https://www.olx.ro/oferta/apartament-3-camere-mansarda-imobil-nou-buna-ziua-IDcUegD.html#ebe3a821a2
Apartament cu 3 camere in cartierul MANASTUR,https://www.olx.ro/oferta/apartament-cu-3-camere-in-cartierul-manastur-IDcQXAH.html#ebe3a821a2
"Apartament, 2 camere, de vânzare, în Manastur",https://www.olx.ro/oferta/apartament-2-camere-de-vanzare-in-manastur-IDcQXvJ.html#ebe3a821a2
Apartament 4 camere etaj 2 din 4 zona Casa Piratilor,https://www.olx.ro/oferta/apartament-4-camere-etaj-2-din-4-zona-casa-piratilor-IDcCYI8.html#ebe3a821a2
Apartament 2 camere in bloc nou cu loc de parcare in zona strazii Duna,https://www.olx.ro/oferta/apartament-2-camere-in-bloc-nou-cu-loc-de-parcare-in-zona-strazii-duna-IDcUdXk.html#ebe3a821a2
"Apartament 3 camere, Mărăști",https://www.olx.ro/oferta/apartament-3-camere-marasti-IDcUdXu.html#ebe3a821a2
"Apartament cu 2 camere in zona Petrom, Baciu!",https://www.olx.ro/oferta/apartament-cu-2-camere-in-zona-petrom-baciu-IDcUdWd.html#ebe3a821a2
Apartament 2 camere in Manastur,https://www.olx.ro/oferta/apartament-2-camere-in-manastur-IDcUdW9.html#ebe3a821a2
"Apartament cu 2 camere in Baciu, zona Petrom!",https://www.olx.ro/oferta/apartament-cu-2-camere-in-baciu-zona-petrom-IDcUdWx.html#ebe3a821a2
"Apartament cu trei camere in Baciu, zona Petrom",https://www.olx.ro/oferta/apartament-cu-trei-camere-in-baciu-zona-petrom-IDcUdSa.html#ebe3a821a2
"Apartament 2 camere finisat, in Manastur",https://www.olx.ro/oferta/apartament-2-camere-finisat-in-manastur-IDbFOh9.html#ebe3a821a2
"VA2 84918, Apartament 2 camere+ terasa, 65 mp utili, Gheorgheni",https://www.olx.ro/oferta/va2-84918-apartament-2-camere-terasa-65-mp-utili-gheorgheni-IDcui9w.html#ebe3a821a2
"VA2 86070,Apartament exclusiv, 2 camere,49.57 mp, Grigorescu",https://www.olx.ro/oferta/va2-86070-apartament-exclusiv-2-camere-49-57-mp-grigorescu-IDcBaL8.html#ebe3a821a2
"Apartament 2 camere, 56 mp, Europa",https://www.olx.ro/oferta/apartament-2-camere-56-mp-europa-IDcueM7.html#ebe3a821a2
Apartament cu 2 camere in cartierul Grigorescu,https://www.olx.ro/oferta/apartament-cu-2-camere-in-cartierul-grigorescu-IDcIluL.html#ebe3a821a2
